{"cameraMode":{"drawMode":0,"name":"Shaded","section":"Shading Mode"},"sceneLighting":true,"audioPlay":false,"sceneViewState":{"m_AlwaysRefresh":false,"showFog":true,"showSkybox":false,"showFlares":true,"showImageEffects":true,"showParticleSystems":true,"showVisualEffectGraphs":true,"m_FxEnabled":true},"in2DMode":false,"pivot":{"x":-1.2999999523162842,"y":4.4390153884887699,"z":2.9800000190734865},"rotation":{"x":0.11971220374107361,"y":-2.0058618654950067e-10,"z":-2.557176692619123e-10,"w":0.9928086996078491},"size":2.113593339920044,"orthographic":true}