{"cameraMode":{"drawMode":0,"name":"Shaded","section":"Shading Mode"},"sceneLighting":true,"audioPlay":false,"sceneViewState":{"m_AlwaysRefresh":false,"showFog":true,"showSkybox":false,"showFlares":true,"showImageEffects":true,"showParticleSystems":true,"showVisualEffectGraphs":true,"m_FxEnabled":true},"in2DMode":false,"pivot":{"x":-1.1620053052902222,"y":5.592925071716309,"z":3.1970691680908205},"rotation":{"x":0.06714732199907303,"y":0.0026938144583255054,"z":-0.00018126786744687706,"w":0.9977401494979858},"size":3.2551116943359377,"orthographic":true}